name,score,user score,critics,users,platform,rating
The Witcher 3: Wild Hunt,93,94.0,32,17537,PC,92.94
Ghost of Tsushima,83,92.0,122,17420,PlayStation4,91.01
God of War,94,92.0,118,16298,PlayStation4,90.94
The Witcher 3: Wild Hunt,92,92.0,79,15749,PlayStation4,90.91
The Last of Us Remastered,95,92.0,70,14563,PlayStation4,90.82
GrimGrimoire,79,98.0,39,2314,PlayStation2,90.65
The Last of Us,95,92.0,98,11982,PlayStation3,90.58
Diaries of a Spaceport Janitor,69,97.0,7,2495,PC,90.28
Counter-Strike,88,92.0,11,7112,PC,89.7
Half-Life 2,96,91.0,81,10773,PC,89.49
Portal,90,92.0,27,5187,PC,88.94
Portal 2,95,91.0,52,7482,PC,88.88
The Witcher 3: Wild Hunt,91,92.0,13,4799,XboxOne,88.72
Team Fortress 2,92,91.0,17,6724,PC,88.67
The Legend of Zelda: Ocarina of Time,99,91.0,22,5749,Nintendo64,88.31
The Witcher 3: Wild Hunt - Blood and Wine,92,93.0,50,3088,PC,88.05
Bloodborne,92,89.0,100,10394,PlayStation4,87.56
Counter-Strike: Source,88,89.0,9,10108,PC,87.52
Left 4 Dead,89,91.0,58,4071,PC,87.36
Crystar,67,96.0,13,1645,PlayStation4,87.09
Half-Life,96,90.0,24,4321,PC,86.67
Super Mario Odyssey,97,89.0,113,5546,Switch,86.44
Mass Effect 2,94,89.0,55,4972,PC,86.17
Uncharted 2: Among Thieves,96,88.0,105,6716,PlayStation3,85.93
The Witcher 3: Wild Hunt - Hearts of Stone,89,91.0,37,2622,PC,85.75
Super Mario Galaxy 2,97,91.0,87,2521,Wii,85.58
Super Mario Galaxy,97,90.0,73,3059,Wii,85.54
Grand Theft Auto: San Andreas,95,91.0,80,2444,PlayStation2,85.45
NieR: Automata,88,89.0,101,3751,PlayStation4,85.39
Warcraft III: Reign of Chaos,92,92.0,40,2041,PC,85.37
Red Dead Redemption,95,90.0,96,2847,Xbox360,85.27
Half-Life 2: Episode Two,90,91.0,21,2349,PC,85.27
Resident Evil 2,91,89.0,85,3507,PlayStation4,85.18
Mass Effect 2,96,89.0,98,3503,Xbox360,85.18
The Legend of Zelda: Breath of the Wild,97,86.0,109,15873,Switch,85.16
Superliminal,80,96.0,8,1226,XboxOne,85.11
Red Dead Redemption,95,89.0,73,3371,PlayStation3,85.05
Fallout: New Vegas,84,88.0,39,4330,PC,84.94
Astral Chain,87,89.0,92,3243,Switch,84.92
Marvel's Spider-Man,87,87.0,116,6051,PlayStation4,84.82
Final Fantasy VII,92,91.0,20,2118,PlayStation,84.79
Metal Gear Solid 4: Guns of the Patriots,94,88.0,82,4088,PlayStation3,84.79
Half-Life: Alyx,93,91.0,68,2104,PC,84.76
Grand Theft Auto: San Andreas,93,89.0,47,3074,PC,84.74
The Orange Box,96,92.0,34,1804,PC,84.74
BioShock Infinite,94,86.0,68,8729,PC,84.52
Dark Souls III,89,88.0,69,3549,PlayStation4,84.37
Ghost Trick: Phantom Detective,83,97.0,60,1016,DS,84.35
Persona 5,93,87.0,98,4717,PlayStation4,84.29
Detroit: Become Human,78,87.0,104,4642,PlayStation4,84.25
God of War III,92,88.0,101,3304,PlayStation3,84.15
Dragon Age: Origins,91,87.0,67,4378,PC,84.1
BioShock,96,89.0,88,2572,Xbox360,84.07
Resident Evil 4,96,92.0,82,1596,GameCube,84.07
Metal Gear Solid,94,92.0,20,1584,PlayStation,84.02
Uncharted 4: A Thief's End,93,85.0,113,12333,PlayStation4,83.98
Bloodborne: The Old Hunters,87,91.0,61,1781,PlayStation4,83.94
Warcraft III: The Frozen Throne,88,92.0,23,1544,PC,83.88
Star Wars: Knights of the Old Republic,93,90.0,33,2007,PC,83.78
Xenoblade Chronicles X,84,91.0,87,1722,WiiU,83.76
The Walking Dead: A Telltale Games Series,89,88.0,14,2900,PC,83.71
Batman: Arkham City,96,88.0,42,2773,PlayStation3,83.56
Day of Defeat: Source,80,90.0,22,1901,PC,83.53
The Witcher 3: Wild Hunt - Blood and Wine,91,91.0,27,1640,PlayStation4,83.51
BioShock,96,86.0,44,4814,PC,83.45
Max Payne,89,91.0,32,1597,PC,83.36
Resident Evil 2,89,90.0,28,1807,PC,83.28
Mafia,88,91.0,27,1561,PC,83.24
Red Dead Redemption 2,97,84.0,99,14315,PlayStation4,83.16
The Legend of Zelda: Twilight Princess,95,89.0,73,2060,Wii,83.15
Metal Gear Solid 3: Snake Eater,91,91.0,68,1523,PlayStation2,83.1
SpongeBob SquarePants: Battle for Bikini Bottom - Rehydrated,68,89.0,38,2039,PlayStation4,83.1
Deus Ex,90,92.0,28,1350,PC,83.1
Super Smash Bros. for Wii U,92,89.0,77,2035,WiiU,83.09
Grand Theft Auto: Vice City,94,88.0,30,2435,PC,83.07
Dark Souls,89,89.0,54,2017,PlayStation3,83.05
Xenoblade Chronicles,92,92.0,59,1337,Wii,83.04
Super Mario 3D World,93,89.0,83,2001,WiiU,83.02
The Witcher 3: Wild Hunt - Hearts of Stone,90,90.0,25,1704,PlayStation4,82.99
The Elder Scrolls V: Skyrim,96,86.0,89,3954,Xbox360,82.98
Fire Emblem: Awakening,92,91.0,72,1473,3DS,82.92
The Witcher 2: Assassins of Kings,88,85.0,76,5504,PC,82.85
Fallout 2,86,91.0,15,1437,PC,82.78
Baldur's Gate II: Shadows of Amn,95,91.0,30,1433,PC,82.76
Resident Evil 4,96,90.0,38,1628,PlayStation2,82.75
Horizon Zero Dawn,89,84.0,115,9400,PlayStation4,82.75
Super Mario 64,94,92.0,13,1274,Nintendo64,82.75
The Legend of Zelda: Ocarina of Time 3D,94,90.0,85,1625,3DS,82.74
Metal Torrent,62,97.0,9,823,DS,82.71
Mass Effect,89,86.0,45,3425,PC,82.59
Rome: Total War,92,91.0,58,1340,PC,82.38
The Legend of Zelda: Majora's Mask,95,92.0,27,1198,Nintendo64,82.37
The Legend of Zelda: A Link Between Worlds,91,90.0,81,1505,3DS,82.34
Batman: Arkham City,91,87.0,27,2464,PC,82.33
Shadow of the Colossus,91,91.0,77,1325,PlayStation2,82.32
Super Smash Bros. Brawl,93,88.0,81,2022,Wii,82.31
Demon's Souls,89,89.0,81,1692,PlayStation3,82.23
Batman: Arkham Asylum,91,87.0,29,2391,PC,82.22
God of War,94,89.0,75,1679,PlayStation2,82.19
Star Wars: Battlefront II,78,86.0,24,2986,PC,82.18
Final Fantasy X,92,89.0,53,1673,PlayStation2,82.18
Divinity: Original Sin II,93,88.0,72,1946,PC,82.14
Mario Kart 8,88,88.0,82,1917,WiiU,82.08
Grand Theft Auto V,97,84.0,66,5899,PlayStation4,82.08
Fire Emblem: Three Houses,89,87.0,102,2276,Switch,82.03
The Elder Scrolls V: Skyrim,94,83.0,32,11301,PC,82.0
Super Smash Bros. Ultimate,93,86.0,99,2819,Switch,81.99
Divinity: Original Sin,87,87.0,59,2218,PC,81.93
Metroid Prime,97,92.0,70,1113,GameCube,81.91
Life is Strange,83,86.0,15,2725,PC,81.88
Deus Ex: Human Revolution,90,85.0,52,3582,PC,81.87
Cities: Skylines,85,88.0,60,1815,PC,81.84
The Legend of Zelda: The Wind Waker,96,90.0,80,1370,GameCube,81.83
The Elder Scrolls III: Morrowind,89,89.0,30,1561,PC,81.83
Uncharted: The Nathan Drake Collection,86,86.0,78,2657,PlayStation4,81.8
Terraria,83,87.0,29,2137,PC,81.78
Half-Life 2: Episode One,87,86.0,61,2613,PC,81.74
Batman: Arkham Asylum,91,89.0,70,1498,PlayStation3,81.62
Uncharted 3: Drake's Deception,92,84.0,97,4611,PlayStation3,81.61
Call of Duty 4: Modern Warfare,92,85.0,40,3197,PC,81.56
Age of Empires II: The Age of Kings,92,91.0,21,1165,PC,81.55
Undertale,92,84.0,43,4446,PC,81.53
Planescape: Torment,91,92.0,22,1049,PC,81.53
Tomb Raider,86,84.0,18,4412,PC,81.51
Dishonored,91,84.0,29,4336,PC,81.47
Kingdom Hearts II,87,90.0,64,1281,PlayStation2,81.46
The Legend of Zelda: The Wind Waker HD,90,90.0,70,1281,WiiU,81.46
Final Fantasy IX,94,90.0,22,1280,PlayStation,81.45
Metro: Last Light,82,85.0,71,3080,PC,81.45
Xenoblade Chronicles 2,83,87.0,92,1956,Switch,81.42
DOOM,85,85.0,44,3039,PC,81.41
Assassin's Creed II,90,88.0,82,1653,Xbox360,81.4
Silent Hill 2,89,92.0,34,1024,PlayStation2,81.37
Hollow Knight,87,91.0,27,1122,PC,81.33
Mass Effect,91,87.0,74,1913,Xbox360,81.33
Starcraft,88,91.0,15,1105,PC,81.23
Tengami,70,97.0,15,675,WiiU,81.12
To the Moon,81,89.0,26,1356,PC,81.1
Metal Gear Solid 2: Sons of Liberty,96,88.0,42,1545,PlayStation2,81.08
Bayonetta 2,91,89.0,80,1328,WiiU,80.99
Journey,92,88.0,78,1517,PlayStation3,80.99
South Park: The Stick of Truth,85,86.0,48,2089,PC,80.93
The Witcher: Enhanced Edition,86,85.0,30,2551,PC,80.86
Superliminal,75,96.0,8,695,Switch,80.84
Batman: Arkham City,94,87.0,87,1682,Xbox360,80.77
Ori and the Will of the Wisps,90,88.0,71,1440,XboxOne,80.73
Grand Theft Auto V,97,83.0,50,4568,PlayStation3,80.71
Dark Souls III,89,84.0,56,3141,PC,80.68
Diablo II,88,88.0,34,1424,PC,80.68
Mario Kart 8 Deluxe,92,86.0,95,1952,Switch,80.66
Left 4 Dead 2,89,84.0,55,3066,PC,80.61
Counter-Strike: Condition Zero,65,87.0,33,1610,PC,80.57
Max Payne 2: The Fall of Max Payne,86,89.0,46,1219,PC,80.53
Days Gone,71,82.0,109,6993,PlayStation4,80.52
God of War II,93,89.0,70,1215,PlayStation2,80.51
Far Cry 3,88,83.0,43,4103,PC,80.49
Gothic II,79,90.0,20,1076,PC,80.45
Grand Theft Auto V,97,83.0,58,3905,Xbox360,80.38
BioShock Infinite,94,85.0,27,2207,PlayStation3,80.37
BioShock Infinite,93,86.0,33,1814,Xbox360,80.37
Company of Heroes,93,88.0,55,1336,PC,80.36
Hollow Knight,90,89.0,27,1174,Switch,80.32
Assassin's Creed II,91,86.0,70,1747,PlayStation3,80.21
Life is Strange,85,86.0,23,1744,PlayStation4,80.2
Metal Gear Solid V: The Phantom Pain,93,82.0,86,5583,PlayStation4,80.19
Starcraft II: Wings of Liberty,93,83.0,82,3477,PC,80.11
Pokemon SoulSilver Version,87,92.0,49,845,DS,80.11
Plants vs. Zombies,87,89.0,41,1130,PC,80.11
Halo: Combat Evolved,97,85.0,68,2052,Xbox,80.1
Persona 4 Golden,93,86.0,61,1700,PlayStationVita,80.09
The Witcher,81,87.0,50,1449,PC,80.08
Ratchet & Clank,85,85.0,101,2024,PlayStation4,80.05
Torchlight II,88,85.0,67,2012,PC,80.03
Fallout,89,88.0,12,1254,PC,80.03
Batman: Arkham Asylum,92,88.0,78,1253,Xbox360,80.02
Resident Evil 2,89,92.0,13,822,PlayStation,79.92
Until Dawn,79,83.0,103,3193,PlayStation4,79.9
Alien: Isolation,81,85.0,41,1941,PC,79.89
Kingdom Hearts,85,89.0,46,1076,PlayStation2,79.83
Diablo II: Lord of Destruction,87,91.0,21,883,PC,79.83
DOOM,85,84.0,61,2308,PlayStation4,79.75
Fallout 3,93,85.0,84,1855,Xbox360,79.72
Splatoon,81,87.0,88,1345,WiiU,79.72
Pokemon HeartGold Version,87,91.0,59,867,DS,79.71
Super Smash Bros. Melee,92,91.0,38,866,GameCube,79.7
Dreams,89,87.0,80,1336,PlayStation4,79.69
Ori and the Blind Forest,88,87.0,12,1329,PC,79.66
Euro Truck Simulator 2,79,87.0,18,1318,PC,79.62
BioShock,94,88.0,51,1136,PlayStation3,79.5
Final Fantasy VII Remake,87,81.0,126,6405,PlayStation4,79.49
Mount & Blade: Warband,78,88.0,23,1123,PC,79.44
Amnesia: The Dark Descent,85,86.0,44,1465,PC,79.44
Gears of War,94,83.0,88,2653,Xbox360,79.39
Europa Universalis IV,87,87.0,34,1257,PC,79.38
The Elder Scrolls IV: Oblivion,94,87.0,90,1257,Xbox360,79.38
Titanfall 2,89,85.0,61,1694,PlayStation4,79.36
Killing Floor,72,86.0,30,1435,PC,79.35
Grand Theft Auto: Vice City,95,88.0,62,1092,PlayStation2,79.29
Far Cry 3,91,86.0,39,1406,Xbox360,79.25
Pillars of Eternity,89,83.0,71,2520,PC,79.24
Day of Defeat,79,91.0,22,800,PC,79.19
Vanquish,84,91.0,70,800,Xbox360,79.19
Vanquish,84,91.0,61,794,PlayStation3,79.14
Borderlands 2,89,82.0,38,3176,PC,79.05
S.T.A.L.K.E.R.: Shadow of Chernobyl,82,85.0,44,1557,PC,79.01
NieR: Automata,84,86.0,12,1331,PC,79.0
Nioh,88,83.0,100,2321,PlayStation4,78.99
Diablo,94,87.0,12,1161,PC,78.98
Medieval II: Total War,88,90.0,39,842,PC,78.96
Hotline Miami,85,85.0,51,1537,PC,78.96
Bastion,86,85.0,17,1535,PC,78.95
Dark Messiah of Might and Magic,72,87.0,44,1142,PC,78.9
Journey,92,83.0,45,2233,PlayStation4,78.87
Red Orchestra: Ostfront 41-45,81,86.0,22,1293,PC,78.86
Ni no Kuni: Wrath of the White Witch,85,87.0,89,1134,PlayStation3,78.86
Gothic,81,88.0,14,1008,PC,78.85
Gears 5,84,82.0,89,2861,XboxOne,78.79
The Evil Within 2,80,89.0,28,898,PC,78.78
Call of Duty 4: Modern Warfare,94,85.0,70,1467,Xbox360,78.76
Rocket League,85,84.0,50,1746,PlayStation4,78.76
Vampire: The Masquerade - Bloodlines,80,89.0,61,891,PC,78.74
Brothers: A Tale of Two Sons,90,85.0,9,1460,PC,78.74
Devil May Cry 5,89,86.0,21,1254,PC,78.72
Xenoblade Chronicles: Definitive Edition,89,89.0,92,886,Switch,78.7
Black Mesa,84,89.0,25,886,PC,78.7
Mass Effect 2,94,86.0,62,1243,PlayStation3,78.68
The Walking Dead: A Telltale Games Series,92,86.0,12,1224,Xbox360,78.6
Donkey Kong Country: Tropical Freeze,83,89.0,77,870,WiiU,78.6
Portal 2,95,87.0,66,1073,Xbox360,78.58
Halo 2,95,84.0,91,1656,Xbox,78.55
"Papers, Please",85,85.0,40,1394,PC,78.54
Persona 5 Royal,95,82.0,71,2593,PlayStation4,78.53
DOOM Eternal,87,83.0,48,1998,PlayStation4,78.5
Final Fantasy VIII,90,87.0,24,1055,PlayStation,78.49
Castlevania: Symphony of the Night,93,92.0,12,664,PlayStation,78.48
inFamous 2,83,86.0,90,1190,PlayStation3,78.47
XCOM: Enemy Unknown,89,82.0,57,2486,PC,78.41
Halo: Reach,91,82.0,99,2486,Xbox360,78.41
Stardew Valley,89,87.0,30,1034,PC,78.38
Devil May Cry 5,88,84.0,42,1546,PlayStation4,78.28
The Legend of Zelda: Twilight Princess,96,89.0,16,823,GameCube,78.27
Sekiro: Shadows Die Twice,90,81.0,76,3228,PlayStation4,78.26
The Wolf Among Us: Episode 1 - Faith,85,89.0,45,820,PC,78.24
Grim Fandango,94,91.0,15,685,PC,78.18
Halo 3,94,80.0,86,4729,Xbox360,78.15
The Elder Scrolls IV: Oblivion,94,81.0,54,3069,PC,78.15
Guild Wars 2,90,81.0,69,3065,PC,78.14
Dark Souls,89,85.0,66,1276,Xbox360,78.14
Pokemon Platinum Version,83,89.0,46,802,DS,78.11
The Legend of Zelda: Breath of the Wild,96,82.0,13,2245,WiiU,78.11
The Orange Box,96,88.0,54,879,Xbox360,78.09
FTL: Faster Than Light,84,84.0,42,1454,PC,78.03
Far Cry 3,90,85.0,32,1235,PlayStation3,77.99
Tomb Raider,86,85.0,70,1228,Xbox360,77.97
Tekken 3,96,91.0,15,660,PlayStation,77.94
Beyond: Two Souls,70,81.0,98,2808,PlayStation3,77.93
The Evil Within 2,76,85.0,67,1213,PlayStation4,77.91
Need for Speed: Most Wanted,82,87.0,19,944,PC,77.9
Wolfenstein: The New Order,81,82.0,23,2079,PC,77.87
Splatoon 2,83,85.0,100,1202,Switch,77.87
Warframe,69,83.0,11,1666,PC,77.86
Crash Bandicoot 3: Warped,91,90.0,12,705,PlayStation,77.85
Crusader Kings II,82,87.0,31,933,PC,77.84
Mafia II,77,82.0,46,2047,PC,77.83
Baldur's Gate,91,89.0,16,759,PC,77.78
Outlast,80,83.0,59,1619,PC,77.75
Left Alive,37,83.0,39,1614,PlayStation4,77.74
S.T.A.L.K.E.R.: Call of Pripyat,80,87.0,44,914,PC,77.72
inFamous: Second Son,80,80.0,90,3691,PlayStation4,77.71
Total War: Shogun 2,90,84.0,62,1345,PC,77.71
Dragon Quest XI: Echoes of an Elusive Age,86,87.0,86,902,PlayStation4,77.65
Dead Space,89,87.0,79,902,Xbox360,77.65
Quake,94,88.0,9,813,PC,77.64
Crysis,91,81.0,56,2503,PC,77.64
Octopath Traveler,83,85.0,79,1138,Switch,77.61
The Sims 2,90,87.0,61,891,PC,77.59
Minecraft,93,79.0,33,5818,PC,77.56
The Legend of Zelda: Skyward Sword,93,81.0,81,2401,Wii,77.52
Ori and the Blind Forest,88,86.0,73,983,XboxOne,77.52
GoldenEye 007,96,90.0,21,668,Nintendo64,77.52
Yakuza 0,85,85.0,87,1108,PlayStation4,77.49
Dead Space 2,87,84.0,28,1270,PC,77.46
The Legend of Zelda: Majora's Mask 3D,89,89.0,82,710,3DS,77.38
Ratchet & Clank Future: Tools of Destruction,89,88.0,70,774,PlayStation3,77.36
Super Mario 3D Land,90,84.0,82,1239,3DS,77.35
Tomb Raider,87,83.0,27,1434,PlayStation3,77.29
Battlefield: Bad Company 2,87,82.0,46,1733,PC,77.28
Super Mario Maker,88,87.0,85,840,WiiU,77.27
Braid,90,86.0,11,936,PC,77.27
Resident Evil 7: biohazard,86,80.0,100,2975,PlayStation4,77.25
Battlefield: Bad Company 2,88,86.0,75,929,Xbox360,77.23
Animal Crossing: New Leaf,88,87.0,70,827,3DS,77.18
inFamous,85,83.0,98,1394,PlayStation3,77.18
Call of Duty,91,85.0,44,1035,PC,77.17
Crash Bandicoot N. Sane Trilogy,80,84.0,85,1182,PlayStation4,77.15
Portal 2,95,85.0,54,1030,PlayStation3,77.14
Pokemon Emerald Version,76,89.0,28,681,GameBoyAdvance,77.13
Call of Duty 4: Modern Warfare,94,84.0,44,1170,PlayStation3,77.1
Sid Meier's Civilization V,90,80.0,70,2736,PC,77.06
Resident Evil 2,93,86.0,27,896,XboxOne,77.04
Assassin's Creed: Brotherhood,88,82.0,24,1609,PC,77.02
Spec Ops: The Line,76,82.0,16,1605,PC,77.01
Batman: Arkham Knight,87,79.0,89,3981,PlayStation4,76.99
The Wolf Among Us,80,88.0,13,725,PC,76.98
SOMA,84,84.0,68,1138,PC,76.98
The Legend of Zelda: Link's Awakening,87,84.0,111,1135,Switch,76.97
Dead Space 2,90,87.0,83,791,Xbox360,76.94
Unreal Tournament 2004,93,88.0,48,719,PC,76.93
The Secret World,74,83.0,55,1302,PC,76.9
Hitman: Blood Money,82,88.0,35,714,PC,76.89
Luigi's Mansion 3,86,85.0,106,977,Switch,76.89
Dead Space,88,88.0,67,709,PlayStation3,76.85
Grand Theft Auto V,96,78.0,57,6661,PC,76.82
Pikmin 3,87,87.0,79,773,WiiU,76.81
Kingdom Come: Deliverance,76,80.0,60,2434,PC,76.77
The Binding of Isaac,84,84.0,30,1086,PC,76.77
Mario + Rabbids: Kingdom Battle,85,84.0,104,1084,Switch,76.76
Ori and the Will of the Wisps,88,86.0,44,848,PC,76.76
Grand Theft Auto III,93,83.0,20,1254,PC,76.75
Middle-earth: Shadow of Mordor,84,80.0,85,2404,PlayStation4,76.74
Grand Theft Auto IV,98,79.0,86,3364,Xbox360,76.68
Call of Duty 2,86,85.0,64,936,PC,76.68
LIMBO,88,81.0,22,1800,PC,76.68
Uncharted: Drake's Fortune,88,79.0,66,3327,PlayStation3,76.66
Starcraft II: Legacy of the Void,88,84.0,62,1059,PC,76.66
AudioSurf,85,87.0,25,751,PC,76.65
Kingdom Hearts III,83,80.0,88,2303,PlayStation4,76.63
Sleeping Dogs,80,82.0,23,1425,PC,76.58
Battlefield 2,91,84.0,55,1017,PC,76.48
BioShock 2,88,81.0,36,1688,PC,76.47
Killzone 2,91,81.0,94,1672,PlayStation3,76.44
A Plague Tale: Innocence,81,85.0,33,887,PC,76.42
Devil May Cry,94,86.0,37,790,PlayStation2,76.39
The Stanley Parable,88,80.0,47,2093,PC,76.38
Alan Wake,83,82.0,100,1333,Xbox360,76.33
Mario Kart Wii,82,84.0,73,982,Wii,76.31
Fallout 3,91,78.0,48,4462,PC,76.31
Tomb Raider: Definitive Edition,85,81.0,54,1602,PlayStation4,76.3
A Plague Tale: Innocence,81,85.0,61,861,PlayStation4,76.27
Titanfall 2,86,83.0,30,1112,PC,76.25
"Warhammer 40,000: Dawn of War II",85,81.0,67,1578,PC,76.25
Forza Horizon 2,86,83.0,85,1110,XboxOne,76.24
Fallout: New Vegas,84,84.0,81,964,Xbox360,76.23
DOOM Eternal,88,84.0,33,958,XboxOne,76.2
Super Smash Bros. for Nintendo 3DS,85,85.0,76,849,3DS,76.2
INSIDE,87,85.0,22,847,PC,76.19
Star Wars: Knights of the Old Republic II - The Sith Lords,85,85.0,31,846,PC,76.18
Assassin's Creed: Brotherhood,90,83.0,59,1092,PlayStation3,76.17
Cuphead,88,82.0,31,1271,PC,76.15
LittleBigPlanet 2,91,86.0,86,754,PlayStation3,76.14
Subnautica,87,85.0,39,838,PC,76.14
Dead Space,86,81.0,28,1525,PC,76.13
Wolfenstein: The New Order,79,81.0,73,1521,PlayStation4,76.12
Saints Row: The Third,84,81.0,22,1520,PC,76.12
Celeste,92,85.0,36,835,Switch,76.12
Alan Wake,83,80.0,30,1892,PC,76.09
God of War Collection,91,87.0,50,678,PlayStation3,76.09
Sid Meier's Civilization IV,94,83.0,50,1070,PC,76.09
Resident Evil HD Remaster,83,85.0,49,829,PlayStation4,76.08
Don't Starve,79,83.0,33,1062,PC,76.06
Path of Exile,86,80.0,27,1856,PC,76.03
Metro 2033,81,80.0,40,1856,PC,76.03
DOOM,87,85.0,25,821,XboxOne,76.03
The Last Guardian,82,79.0,110,2453,PlayStation4,76.01
God of War: Chains of Olympus,91,85.0,79,816,PSP,76.0
The Witcher 2: Assassins of Kings,88,84.0,82,916,Xbox360,75.99
Mortal Kombat Komplete Edition,81,87.0,18,661,PC,75.95
Crisis Core: Final Fantasy VII,83,86.0,67,718,PSP,75.88
F.E.A.R.,88,83.0,57,1019,PC,75.88
Gears of War 3,91,80.0,96,1750,Xbox360,75.86
Rayman Legends,90,84.0,16,885,PlayStation4,75.83
Grand Theft Auto III,97,84.0,56,881,PlayStation2,75.81
Alien: Isolation,79,82.0,50,1160,PlayStation4,75.79
Assassin's Creed IV: Black Flag,83,79.0,29,2240,PlayStation4,75.79
Dying Light,75,80.0,40,1691,PC,75.76
Need for Speed: Underground 2,82,86.0,31,700,PC,75.75
Red Dead Redemption 2,97,78.0,33,3186,XboxOne,75.75
Heavy Rain,87,78.0,107,3105,PlayStation3,75.7
God of War III Remastered,81,82.0,67,1133,PlayStation4,75.7
Gears of War 2,93,78.0,90,3060,Xbox360,75.67
Dark Souls III,87,86.0,14,688,XboxOne,75.66
Borderlands 2,89,83.0,59,966,Xbox360,75.65
Forza Horizon 4,92,81.0,88,1323,XboxOne,75.63
Super Mario Sunshine,92,85.0,61,756,GameCube,75.62
Cuphead,86,84.0,72,846,XboxOne,75.62
Middle-earth: Shadow of Mordor,84,79.0,17,2090,PC,75.61
Left 4 Dead 2,89,85.0,76,754,Xbox360,75.61
Battlefield 1,89,79.0,34,2073,PlayStation4,75.59
Sid Meier's Civilization V: Brave New World,85,86.0,55,679,PC,75.59
Super Mario Maker 2,88,85.0,98,751,Switch,75.59
Transistor,83,84.0,35,838,PC,75.58
Assassin's Creed: Brotherhood,89,84.0,81,824,Xbox360,75.5
Dark Souls II,91,81.0,69,1266,PlayStation3,75.48
The Walking Dead: Episode 1 - A New Day,82,84.0,40,820,PC,75.47
Starcraft II: Heart of the Swarm,86,80.0,68,1528,PC,75.44
This War of Mine,83,83.0,63,919,PC,75.43
Disco Elysium,91,84.0,64,804,PC,75.38
Rise of the Tomb Raider: 20 Year Celebration,88,80.0,55,1478,PlayStation4,75.33
Rise of the Tomb Raider,86,80.0,102,1473,XboxOne,75.32
Grim Dawn,83,85.0,29,709,PC,75.3
Metal Gear Solid V: The Phantom Pain,91,78.0,13,2520,PC,75.28
INSIDE,91,84.0,18,785,PlayStation4,75.27
Gravity Rush,83,85.0,73,702,PlayStationVita,75.25
Prey,82,81.0,38,1185,PC,75.23
Assassin's Creed IV: Black Flag,88,82.0,36,1004,PlayStation3,75.21
Borderlands 2,91,82.0,25,996,PlayStation3,75.18
The Outer Worlds,85,80.0,77,1344,PlayStation4,75.02
Deus Ex: Human Revolution,89,84.0,70,745,Xbox360,75.02
Uncharted: The Lost Legacy,84,79.0,104,1657,PlayStation4,74.98
Sekiro: Shadows Die Twice,88,79.0,25,1620,PC,74.91
Sonic Mania,86,84.0,21,728,Switch,74.91
Rise of the Tomb Raider,86,79.0,45,1614,PC,74.9
Mirror's Edge,81,80.0,44,1295,PC,74.9
Star Wars Jedi: Fallen Order,81,79.0,32,1609,PC,74.89
Trine 2,84,84.0,55,725,PC,74.89
Shadow of the Colossus,91,78.0,100,2114,PlayStation4,74.88
World of Goo,90,84.0,26,720,PC,74.86
Assassin's Creed IV: Black Flag,84,78.0,10,2063,PC,74.82
Dying Light,74,79.0,58,1569,PlayStation4,74.82
Star Wars Jedi: Fallen Order,79,77.0,70,2950,PlayStation4,74.78
Battlefield 3,89,76.0,61,5302,PC,74.77
Hellblade: Senua's Sacrifice,83,81.0,24,1047,PC,74.77
World of Warcraft: The Burning Crusade,91,81.0,46,1041,PC,74.75
Super Meat Boy,87,82.0,11,897,PC,74.74
The Binding of Isaac: Rebirth,86,84.0,10,700,PC,74.72
Call of Juarez: Gunslinger,79,82.0,23,880,PC,74.66
New Super Mario Bros. Wii,87,83.0,80,767,Wii,74.62
Max Payne 3,87,77.0,30,2672,PC,74.6
Final Fantasy XV,81,76.0,109,4503,PlayStation4,74.58
L.A. Noire: The Complete Edition,83,80.0,28,1180,PC,74.58
Frostpunk,84,84.0,67,677,PC,74.56
Deus Ex: Human Revolution,89,83.0,50,751,PlayStation3,74.52
DOOM Eternal,88,77.0,61,2567,PC,74.52
Diablo III: Ultimate Evil Edition,90,79.0,63,1411,PlayStation4,74.5
Alice: Madness Returns,75,84.0,29,665,PC,74.48
Forza Horizon 3,91,80.0,91,1130,XboxOne,74.42
Left 4 Dead,89,79.0,67,1360,Xbox360,74.39
Mario Kart 7,85,82.0,73,819,3DS,74.36
Grand Theft Auto IV,98,76.0,64,3806,PlayStation3,74.36
Game Dev Tycoon,68,80.0,21,1104,PC,74.34
Dark Souls: Prepare to Die Edition,85,77.0,42,2335,PC,74.33
Far Cry 3: Blood Dragon,81,81.0,31,931,PC,74.31
Hyrule Warriors,76,83.0,81,716,WiiU,74.31
Mark of the Ninja,91,80.0,14,1077,PC,74.25
World of Warcraft: Wrath of the Lich King,91,79.0,47,1294,PC,74.23
Far Cry 4,85,77.0,83,2197,PlayStation4,74.2
Killzone 3,84,80.0,85,1059,PlayStation3,74.19
SMITE,83,81.0,18,900,PC,74.18
Borderlands,84,82.0,83,784,Xbox360,74.17
Hellblade: Senua's Sacrifice,81,79.0,68,1240,PlayStation4,74.1
Dishonored 2,88,79.0,62,1215,PlayStation4,74.03
Forza Motorsport 4,91,83.0,83,673,Xbox360,74.03
Far Cry,89,80.0,72,1003,PC,74.0
Mad Max,69,78.0,71,1492,PlayStation4,73.98
INSIDE,93,83.0,87,662,XboxOne,73.95
Hitman 2,82,83.0,70,661,PlayStation4,73.95
Sunset Overdrive,81,78.0,89,1410,XboxOne,73.82
Risen,77,81.0,32,812,PC,73.77
Rocket League,86,79.0,20,1110,PC,73.73
Monster Hunter: World,90,77.0,93,1741,PlayStation4,73.67
Gran Turismo 6,81,80.0,81,915,PlayStation3,73.66
XCOM: Enemy Within,86,81.0,54,790,PC,73.66
Fallout 3,90,79.0,57,1067,PlayStation3,73.6
Dark Souls II: Scholar of the First Sin,87,79.0,42,1053,PlayStation4,73.56
Grand Theft Auto V,97,78.0,14,1285,XboxOne,73.55
Dark Souls II,91,79.0,30,1035,Xbox360,73.5
New Super Mario Bros. U,84,80.0,70,872,WiiU,73.49
Metal Gear Rising: Revengeance,80,80.0,61,871,PlayStation3,73.48
Gran Turismo 5,84,78.0,82,1255,PlayStation3,73.48
Injustice 2,87,81.0,90,750,PlayStation4,73.45
Beyond: Two Souls,72,79.0,30,1019,PlayStation4,73.45
Spyro Reignited Trilogy,82,81.0,80,747,PlayStation4,73.44
Final Fantasy XV: Windows Edition,85,80.0,29,846,PC,73.37
Pokemon Ultra Sun,84,79.0,59,996,3DS,73.37
Resistance: Fall of Man,86,80.0,70,837,PlayStation3,73.33
Stellaris,78,80.0,57,828,PC,73.29
Heavy Rain,78,79.0,30,972,PlayStation4,73.29
Assassin's Creed IV: Black Flag,86,80.0,35,827,Xbox360,73.29
Metal Gear Rising: Revengeance,83,80.0,27,825,PC,73.28
Bayonetta,90,81.0,86,718,Xbox360,73.28
Legend of Grimrock,82,81.0,51,717,PC,73.27
Resident Evil 7: biohazard,83,78.0,17,1161,PC,73.24
L.A. Noire,89,79.0,83,951,Xbox360,73.22
L.A. Noire,89,78.0,78,1144,PlayStation3,73.2
The Outer Worlds,85,81.0,27,704,XboxOne,73.2
Dragon Age: Origins,86,80.0,68,803,Xbox360,73.18
Serious Sam 3: BFE,72,81.0,53,700,PC,73.18
Max Payne 3,86,79.0,80,940,Xbox360,73.18
Banished,73,81.0,32,699,PC,73.17
Mad Max,73,78.0,22,1120,PC,73.14
Max Payne 3,87,79.0,31,917,PlayStation3,73.09
The Vanishing of Ethan Carter,82,80.0,66,783,PC,73.08
The Banner Saga,80,80.0,74,778,PC,73.06
Shenmue III,67,78.0,78,1091,PlayStation4,73.05
Shadow Warrior,73,80.0,50,772,PC,73.03
The Elder Scrolls IV: Oblivion,93,81.0,45,672,PlayStation3,73.01
Dishonored,89,79.0,35,887,PlayStation3,72.98
Metro Redux,83,80.0,30,759,PlayStation4,72.97
Mortal Kombat X,83,78.0,81,1058,PlayStation4,72.96
Dishonored,88,79.0,56,875,Xbox360,72.93
Nioh 2,85,79.0,91,872,PlayStation4,72.92
Torchlight,83,79.0,57,861,PC,72.87
Borderlands,81,76.0,37,1676,PC,72.86
Prey,79,78.0,68,997,PlayStation4,72.77
Halo: The Master Chief Collection,85,76.0,69,1601,XboxOne,72.75
Death Stranding,82,73.0,111,16949,PlayStation4,72.7
Watch Dogs 2,82,76.0,95,1554,PlayStation4,72.68
DOOM 3,87,77.0,83,1183,PC,72.66
Battlefield 3,84,75.0,57,2172,Xbox360,72.64
Sekiro: Shadows Die Twice,91,80.0,31,696,XboxOne,72.64
Dragon Ball Z: Kakarot,73,79.0,75,791,PlayStation4,72.58
Darksiders II,81,79.0,23,787,PC,72.56
Dragon Age: Origins,87,80.0,41,680,PlayStation3,72.55
Final Fantasy XII,92,76.0,64,1432,PlayStation2,72.49
Fallout: New Vegas,82,80.0,57,668,PlayStation3,72.49
The Sims 3,86,77.0,75,1101,PC,72.46
Pokemon Sun,87,77.0,87,1082,3DS,72.41
Battlefield 3,85,75.0,38,1843,PlayStation3,72.33
World of Warcraft,93,74.0,57,2934,PC,72.33
A Way Out,78,79.0,62,734,PlayStation4,72.31
Resogun,84,77.0,66,1034,PlayStation4,72.28
Assassin's Creed,81,76.0,77,1306,Xbox360,72.27
Middle-earth: Shadow of Mordor,87,79.0,12,708,XboxOne,72.19
Dragon Age: Inquisition,89,74.0,43,2649,PlayStation4,72.18
Batman: Arkham Origins,76,78.0,46,827,PlayStation3,72.18
The Evil Within,75,75.0,65,1698,PlayStation4,72.17
Just Cause 2,84,77.0,33,995,PC,72.17
Horizon Zero Dawn: The Frozen Wilds,83,79.0,70,686,PlayStation4,72.08
Outlast,78,78.0,33,798,PlayStation4,72.06
Chivalry: Medieval Warfare,79,77.0,24,947,PC,72.02
God of War: Ascension,80,76.0,89,1176,PlayStation3,72.0
ZombiU,77,78.0,70,777,WiiU,71.97
The Sims,92,79.0,38,665,PC,71.97
Counter-Strike: Global Offensive,83,73.0,38,4150,PC,71.89
Batman: Arkham Origins,74,75.0,17,1465,PC,71.86
Forza Motorsport 6,87,77.0,85,886,XboxOne,71.83
Bulletstorm,82,77.0,34,864,PC,71.75
Final Fantasy XV,83,78.0,13,715,XboxOne,71.7
Pokemon Moon,87,77.0,84,849,3DS,71.7
Pokemon X,87,75.0,71,1349,3DS,71.68
Arma 3,74,76.0,38,1029,PC,71.65
Prototype,79,78.0,35,703,PC,71.65
Call of Duty: World at War,83,76.0,36,1013,PC,71.61
Saints Row IV,86,74.0,45,1796,PC,71.55
Devil May Cry 5,87,76.0,64,987,XboxOne,71.54
The Elder Scrolls Online: Tamriel Unlimited,74,76.0,30,972,PlayStation4,71.5
Pokemon Y,88,75.0,69,1243,3DS,71.49
Age of Empires III,81,78.0,52,669,PC,71.48
eFootball PES 2020,82,76.0,54,956,PlayStation4,71.46
Deus Ex: Mankind Divided,84,76.0,59,952,PlayStation4,71.45
Darksiders,83,77.0,18,777,PC,71.43
Assassin's Creed: Director's Cut Edition,79,75.0,38,1206,PC,71.42
Assassin's Creed: Revelations,80,75.0,20,1154,PC,71.32
Gears of War: Ultimate Edition,82,77.0,74,714,XboxOne,71.18
Pokemon Ultra Moon,84,77.0,55,711,3DS,71.16
S.T.A.L.K.E.R.: Clear Sky,75,77.0,47,710,PC,71.16
Sleeping Dogs,83,77.0,40,709,PlayStation3,71.16
Assassin's Creed II,86,73.0,22,2221,PC,71.14
Shin Megami Tensei: Persona 4,90,76.0,47,844,PlayStation2,71.12
Halo 3: ODST,83,74.0,94,1424,Xbox360,71.11
Dragon Ball: Xenoverse,69,77.0,50,667,PlayStation4,70.97
Gears of War,87,77.0,36,662,PC,70.95
The Outer Worlds,82,73.0,29,1930,PC,70.93
Assassin's Creed: Revelations,80,76.0,39,770,PlayStation3,70.87
WildStar,82,75.0,52,955,PC,70.86
Tom Clancy's Splinter Cell: Blacklist,82,75.0,13,901,PC,70.72
Metal Gear Solid V: The Phantom Pain,95,74.0,10,1173,XboxOne,70.72
Deadpool,63,76.0,15,723,PC,70.69
Assassin's Creed Origins,85,76.0,42,714,XboxOne,70.66
Final Fantasy XIII,83,72.0,83,2816,PlayStation3,70.65
Final Fantasy XIII,83,72.0,83,2816,PlayStation3,70.65
Uncharted: Golden Abyss,80,75.0,80,867,PlayStationVita,70.63
Battlefield 1,87,76.0,39,701,XboxOne,70.61
Dark Souls II,91,72.0,36,2703,PC,70.6
Resident Evil 5,84,75.0,76,854,PlayStation3,70.59
XCOM 2,88,73.0,104,1560,PC,70.59
Remember Me,65,74.0,26,1100,PC,70.58
Assassin's Creed Origins,81,72.0,63,2626,PlayStation4,70.57
Control,82,73.0,63,1544,PlayStation4,70.57
Shadow of the Tomb Raider,75,74.0,63,1094,PlayStation4,70.57
Aliens vs. Predator,68,74.0,35,1057,PC,70.49
Ni no Kuni II: Revenant Kingdom,84,75.0,84,809,PlayStation4,70.45
Call of Duty: World at War,84,76.0,84,660,Xbox360,70.44
Shadowrun Returns,76,74.0,54,999,PC,70.37
Gothic 3,63,75.0,39,778,PC,70.35
Dark Souls Remastered,84,75.0,53,765,PlayStation4,70.31
Quantum Break,77,72.0,106,2044,XboxOne,70.26
Wolfenstein II: The New Colossus,87,73.0,70,1292,PlayStation4,70.25
Batman: Arkham Origins,74,75.0,46,742,Xbox360,70.24
Metro Exodus,82,71.0,53,3918,PC,70.12
Metro Exodus,82,71.0,53,3918,PC,70.12
Shin Megami Tensei: Persona 3 FES,89,75.0,25,708,PlayStation2,70.12
Pokemon Omega Ruby,83,74.0,61,876,3DS,70.08
Halo 4,87,71.0,87,3558,Xbox360,70.04
DmC: Devil May Cry Definitive Edition,83,75.0,53,672,PlayStation4,69.98
"Warhammer 40,000: Space Marine",74,75.0,34,664,PC,69.95
World of Warcraft: Legion,88,73.0,62,1045,PC,69.86
The Elder Scrolls V: Skyrim Special Edition,81,74.0,40,790,PlayStation4,69.85
Final Fantasy XIV Online: A Realm Reborn,83,72.0,32,1506,PC,69.83
Total War: WARHAMMER,86,74.0,77,778,PC,69.81
inFamous: First Light,73,74.0,70,774,PlayStation4,69.8
Assassin's Creed,81,73.0,40,1015,PlayStation3,69.8
Star Fox Zero,69,74.0,82,749,WiiU,69.73
Tom Clancy's Rainbow Six Siege,73,73.0,40,961,PlayStation4,69.69
Guild Wars 2: Heart of Thorns,81,73.0,22,953,PC,69.68
Pokemon Alpha Sapphire,82,74.0,52,726,3DS,69.66
Battlefield 1,88,71.0,54,2224,PC,69.6
Shin Megami Tensei: Persona 3 Portable,89,74.0,40,673,PSP,69.48
Wasteland 2,81,72.0,65,1207,PC,69.48
Battlefield 4,85,71.0,18,1997,PlayStation4,69.48
Age of Conan: Hyborian Adventures,80,73.0,44,825,PC,69.39
Microsoft Flight Simulator,91,72.0,64,1123,PC,69.36
Red Orchestra 2: Heroes of Stalingrad,76,73.0,49,761,PC,69.23
Hitman: Absolution,79,71.0,26,1581,PC,69.2
Tom Clancy's Rainbow Six Siege,79,71.0,37,1478,PC,69.11
flower,91,73.0,11,716,PlayStation4,69.1
Empire: Total War,90,70.0,62,3113,PC,69.1
Control,85,72.0,33,941,PC,69.06
Metro Exodus,80,71.0,41,1365,PlayStation4,69.0
Assassin's Creed: Revelations,80,73.0,77,677,Xbox360,68.99
Final Fantasy XIV Online: A Realm Reborn,86,73.0,35,666,PlayStation4,68.96
Resident Evil 5,86,72.0,30,881,PC,68.95
Tom Clancy's The Division,80,70.0,63,2529,PlayStation4,68.94
DmC: Devil May Cry,85,70.0,22,2070,PC,68.76
Kingdom Come: Deliverance,69,72.0,30,749,PlayStation4,68.66
Pro Evolution Soccer 2016,87,72.0,54,711,PlayStation4,68.57
Dishonored 2,86,71.0,40,965,PC,68.51
The Witness,87,72.0,82,671,PlayStation4,68.47
Gears of War 4,84,70.0,99,1467,XboxOne,68.41
PlanetSide 2,84,70.0,42,1343,PC,68.31
Sid Meier's Civilization VI,88,70.0,84,1285,PC,68.26
Grand Theft Auto IV,90,69.0,40,2985,PC,68.25
Firewatch,81,70.0,65,1265,PC,68.24
ARMS,77,71.0,97,792,Switch,68.22
Elex,67,70.0,31,1223,PC,68.2
Fall Guys: Ultimate Knockout,81,71.0,52,780,PlayStation4,68.19
LittleBigPlanet 3,79,71.0,78,673,PlayStation4,67.97
Crysis 2,86,69.0,42,1888,PC,67.93
Batman: Arkham Knight,85,70.0,16,871,XboxOne,67.79
Dead Island,80,69.0,24,1543,PC,67.77
Assassin's Creed III,85,69.0,41,1528,PlayStation3,67.76
Black Desert Online,73,69.0,35,1524,PC,67.75
Far Cry 4,80,69.0,17,1508,PC,67.75
Dragon Age: Inquisition,85,70.0,28,822,XboxOne,67.72
Paper Mario: The Origami King,80,69.0,114,1462,Switch,67.72
LittleBigPlanet,95,68.0,85,5533,PlayStation3,67.67
Watch Dogs 2,75,70.0,16,778,PC,67.65
Need for Speed,66,69.0,69,1241,PlayStation4,67.57
Dead Rising 3,78,69.0,69,962,XboxOne,67.32
Killzone: Shadow Fall,73,68.0,88,2357,PlayStation4,67.32
Assassin's Creed Syndicate,76,68.0,86,1955,PlayStation4,67.21
Assassin's Creed Origins,84,68.0,29,1749,PC,67.14
TERA,77,69.0,41,787,PC,67.12
Final Fantasy XIII-2,79,69.0,53,782,PlayStation3,67.11
Shadow of the Tomb Raider,77,69.0,20,761,PC,67.09
Undertale,92,69.0,18,755,PlayStation4,67.08
Need for Speed: Hot Pursuit,86,69.0,14,742,PC,67.06
Crash Team Racing: Nitro-Fueled,83,69.0,75,699,PlayStation4,67.0
Tom Clancy's The Division,80,69.0,33,699,XboxOne,67.0
Assassin's Creed III,84,68.0,61,1317,Xbox360,66.96
Apex Legends,89,68.0,28,1303,PlayStation4,66.95
Fallout 4,87,67.0,58,5440,PlayStation4,66.77
The Order: 1886,63,67.0,94,3817,PlayStation4,66.69
Titanfall,86,67.0,68,2507,XboxOne,66.56
Ryse: Son of Rome,61,68.0,27,669,PC,66.45
Lords of the Fallen,73,68.0,36,661,PC,66.44
Elite: Dangerous,80,67.0,54,1833,PC,66.44
Far Cry 5,81,67.0,83,1749,PlayStation4,66.42
Crysis 3,76,67.0,47,1435,PC,66.33
Call of Duty: Black Ops,88,67.0,58,1252,PlayStation3,66.27
Deus Ex: Mankind Divided,83,67.0,56,1186,PC,66.24
Kingdoms of Amalur: Reckoning,81,67.0,25,1184,PC,66.24
Wolfenstein II: The New Colossus,86,67.0,40,1172,PC,66.24
Fez,91,67.0,11,1158,PC,66.23
Sonic Forces,57,67.0,46,784,PlayStation4,66.03
Monster Hunter: World,88,67.0,34,678,PC,65.95
The Elder Scrolls V: Skyrim,92,66.0,16,2704,PlayStation3,65.78
Fable II,89,66.0,95,2569,Xbox360,65.77
Call of Duty: Modern Warfare 2,94,66.0,67,2362,PlayStation3,65.75
Diablo III: Reaper of Souls,87,66.0,75,1644,PC,65.68
Call of Duty: Black Ops,87,66.0,89,1617,Xbox360,65.67
Far Cry Primal,76,66.0,91,955,PlayStation4,65.54
Goat Simulator,62,66.0,39,928,PC,65.53
Fable III,80,66.0,88,680,Xbox360,65.45
Dota 2,90,65.0,33,11474,PC,64.99
Overwatch,91,65.0,64,5896,PC,64.99
Call of Duty: Modern Warfare 2,94,65.0,100,2957,Xbox360,64.98
Resident Evil 3,79,65.0,83,2299,PlayStation4,64.97
Fallout 4,88,65.0,39,2042,XboxOne,64.97
Dear Esther,75,65.0,37,716,PC,64.94
Tekken 7,82,65.0,78,693,PlayStation4,64.94
The Bureau: XCOM Declassified,66,65.0,45,676,PC,64.94
Defiance,64,65.0,40,660,PC,64.94
Just Cause 3,73,64.0,42,703,PlayStation4,64.42
Dead Space 3,78,64.0,68,735,Xbox360,64.42
Knack,54,64.0,83,1291,PlayStation4,64.3
Heroes of the Storm,86,64.0,57,1445,PC,64.28
Metal Gear Solid V: Ground Zeroes,75,64.0,70,1449,PlayStation4,64.27
Assassin's Creed III,80,64.0,21,2059,PC,64.21
Overwatch,90,64.0,31,2139,PlayStation4,64.21
Halo 5: Guardians,84,64.0,101,3266,XboxOne,64.15
Watch Dogs,80,64.0,80,3409,PlayStation4,64.14
Tom Clancy's Ghost Recon: Wildlands,70,63.0,64,852,PlayStation4,63.82
Borderlands: The Pre-Sequel,75,63.0,55,906,PC,63.79
Assassin's Creed Syndicate,74,63.0,14,910,PC,63.79
The Evil Within,68,63.0,18,970,PC,63.76
Ryse: Son of Rome,60,63.0,77,1621,XboxOne,63.54
Driveclub,71,63.0,85,1744,PlayStation4,63.52
Titanfall,86,63.0,29,1758,PC,63.51
FIFA 14,87,62.0,26,709,PlayStation4,63.39
Star Trek Online,66,62.0,34,725,PC,63.37
Thief,67,62.0,48,726,PlayStation4,63.37
Assassin's Creed Odyssey,83,63.0,86,2733,PlayStation4,63.37
Need for Speed Heat,72,62.0,61,738,PlayStation4,63.36
Need for Speed: Rivals,80,62.0,53,815,PlayStation4,63.29
Supreme Commander 2,77,62.0,54,821,PC,63.28
Forza Motorsport 7,86,62.0,79,894,XboxOne,63.22
"Pokemon: Let's Go, Eevee!",80,62.0,78,986,Switch,63.15
Destiny: The Taken King,86,62.0,81,1098,PlayStation4,63.08
Far Cry 5,78,62.0,31,1427,PC,62.91
Tom Clancy's The Division 2,82,62.0,56,1461,PlayStation4,62.9
Assassin's Creed Odyssey,87,61.0,34,707,XboxOne,62.87
Resistance 2,87,62.0,79,1984,PlayStation3,62.72
For Honor,78,61.0,59,1051,PlayStation4,62.5
Resident Evil 6,69,61.0,18,1134,PC,62.43
Battlefield 4,81,62.0,52,3821,PC,62.42
Dead Space 3,78,61.0,16,1284,PC,62.32
Watch Dogs,78,60.0,15,793,XboxOne,62.22
"Pokemon: Let's Go, Pikachu!",79,61.0,84,1619,Switch,62.12
Watch Dogs: Legion,76,59.0,38,716,PC,61.82
Forza Motorsport 5,79,60.0,76,1138,XboxOne,61.79
Apex Legends,88,60.0,25,1188,PC,61.74
Tom Clancy's The Division,79,60.0,33,1460,PC,61.52
Amnesia: A Machine for Pigs,72,59.0,59,904,PC,61.48
Overwatch,91,59.0,18,917,XboxOne,61.46
Gran Turismo Sport,75,60.0,83,1617,PlayStation4,61.41
Destiny,76,61.0,95,5540,PlayStation4,61.41
Assassin's Creed Odyssey,86,60.0,14,1767,PC,61.33
Star Wars: The Old Republic,85,60.0,73,2773,PC,60.94
Risen 3: Titan Lords,65,58.0,49,892,PC,60.92
Thief,70,59.0,37,1576,PC,60.73
War Thunder,81,58.0,8,1020,PC,60.7
Far Cry 2,85,59.0,34,1645,PC,60.68
Just Cause 3,74,57.0,50,760,PC,60.66
Risen 2: Dark Waters,69,57.0,51,812,PC,60.53
Borderlands 3,78,58.0,43,1178,PlayStation4,60.47
Mirror's Edge Catalyst,69,56.0,50,663,PlayStation4,60.43
Duke Nukem Forever,54,58.0,48,1228,PC,60.4
Hearthstone: Heroes of Warcraft,88,59.0,42,2117,PC,60.4
Far Cry Primal,74,56.0,18,688,PC,60.35
World of Warcraft: Warlords of Draenor,87,58.0,49,1335,PC,60.27
Call of Duty: Black Ops II,83,57.0,21,1076,PlayStation3,59.99
Mass Effect 3,93,59.0,74,3740,Xbox360,59.88
World of Warcraft: Cataclysm,90,57.0,53,1163,PC,59.85
Quantum Break,66,56.0,14,889,PC,59.78
Gears of War: Judgment,79,56.0,81,900,Xbox360,59.76
Dragon Age: Inquisition,85,59.0,45,4485,PC,59.75
RAGE 2,73,55.0,55,715,PC,59.74
Tom Clancy's Splinter Cell: Conviction,83,55.0,20,767,PC,59.57
Mass Effect 3,89,59.0,23,6764,PC,59.52
FIFA 15,82,56.0,47,1076,PlayStation4,59.37
Call of Duty: Advanced Warfare,83,57.0,39,1643,PlayStation4,59.26
Call of Duty: Advanced Warfare,81,55.0,53,931,XboxOne,59.1
Mass Effect 3,93,57.0,30,1942,PlayStation3,59.0
Resident Evil 3,77,55.0,30,1045,PC,58.82
Sid Meier's Civilization: Beyond Earth,81,55.0,78,1063,PC,58.78
Resident Evil 6,74,56.0,34,1467,PlayStation3,58.75
State of Decay 2,66,54.0,70,886,XboxOne,58.64
Mirror's Edge Catalyst,74,53.0,24,733,PC,58.63
The Elder Scrolls Online,71,57.0,64,2565,PC,58.61
DmC: Devil May Cry,85,56.0,40,1611,PlayStation3,58.58
Genshin Impact,84,54.0,18,952,PC,58.45
Call of Duty: Black Ops,81,56.0,29,1938,PC,58.25
MechWarrior Online,68,53.0,10,873,PC,58.11
Destiny,75,55.0,11,1767,XboxOne,57.69
Spore,84,55.0,75,1907,PC,57.54
For Honor,76,52.0,31,893,PC,57.47
Battlefield Hardline,73,52.0,46,978,PlayStation4,57.19
The Last of Us Part II,93,57.0,121,146262,PlayStation4,57.04
Sonic the Hedgehog,46,49.0,38,708,Xbox360,56.66
DmC: Devil May Cry,86,53.0,65,1484,Xbox360,56.66
Red Dead Redemption 2,93,55.0,44,3546,PC,56.55
Gone Home,86,54.0,56,2178,PC,56.53
RAGE,79,53.0,32,1730,PC,56.28
Mafia III,68,53.0,67,1769,PlayStation4,56.23
Hatred,43,47.0,48,669,PC,55.88
FIFA 17,85,49.0,42,880,PlayStation4,55.8
Fallout 4,84,55.0,38,8756,PC,55.69
Mass Effect: Andromeda,76,50.0,35,1096,XboxOne,55.59
World of Warcraft: Mists of Pandaria,82,51.0,42,1400,PC,55.45
Assassin's Creed Unity,70,53.0,40,2676,PlayStation4,55.35
Resident Evil 6,67,51.0,71,1480,Xbox360,55.28
Sea of Thieves,67,46.0,31,694,PC,55.2
Animal Crossing: New Horizons,90,54.0,110,5736,Switch,55.12
Call of Duty: Black Ops III,81,46.0,15,749,XboxOne,54.84
League of Legends,78,53.0,37,3792,PC,54.76
Borderlands 3,81,52.0,53,2454,PC,54.73
Sea of Thieves,69,51.0,71,1991,XboxOne,54.45
Marvel's Avengers,67,51.0,90,2048,PlayStation4,54.38
Valorant,80,52.0,42,2919,PC,54.37
Call of Duty: Black Ops II,83,51.0,73,2444,Xbox360,53.95
Call of Duty: Ghosts,78,43.0,7,724,XboxOne,53.43
Destiny 2,85,50.0,95,2378,PlayStation4,53.23
Call of Duty: Advanced Warfare,78,47.0,18,1249,PC,53.18
Star Wars Battlefront,73,50.0,59,2566,PlayStation4,53.04
Need for Speed: Most Wanted - A Criterion Game,78,44.0,14,899,PC,52.84
Call of Duty: Black Ops III,81,49.0,87,2449,PlayStation4,52.37
Assassin's Creed Unity,72,45.0,59,1135,XboxOne,52.31
FIFA 16,82,44.0,42,1002,PlayStation4,52.29
Evolve,76,43.0,46,928,PlayStation4,52.09
Mass Effect: Andromeda,72,50.0,37,4148,PC,52.04
Star Wars Battlefront,75,45.0,40,1229,XboxOne,51.94
Call of Duty: WWII,79,47.0,83,1729,PlayStation4,51.94
Evolve,77,43.0,39,967,PC,51.87
Battlefield Hardline,71,42.0,31,895,PC,51.71
Anthem,65,39.0,24,690,XboxOne,51.65
Tom Clancy's The Division 2,84,46.0,34,1556,PC,51.62
Watch Dogs,77,49.0,18,3530,PC,51.5
Mass Effect: Andromeda,71,49.0,61,3862,PlayStation4,51.32
Dragon Age II,82,44.0,52,1225,PlayStation3,51.31
PlayerUnknown's Battlegrounds,86,46.0,46,1688,PC,51.31
Crackdown 3,60,42.0,82,1007,XboxOne,51.06
Call of Duty: Black Ops II,74,46.0,11,1864,PC,50.94
Middle-earth: Shadow of War,80,44.0,69,1370,PlayStation4,50.79
Need for Speed Payback,61,42.0,59,1200,PlayStation4,50.12
Dragon Age II,79,46.0,75,2397,Xbox360,50.07
ArcheAge,80,37.0,11,763,PC,49.93
Middle-earth: Shadow of War,75,39.0,17,906,PC,49.9
Call of Duty: Infinite Warfare,73,36.0,16,711,PC,49.9
Pokemon Shield,80,46.0,89,2792,Switch,49.61
Call of Duty: WWII,73,37.0,21,801,PC,49.59
Destiny 2,83,42.0,36,1466,PC,49.1
The Last of Us: Left Behind,88,45.0,69,2741,PlayStation3,48.86
Dragon Age II,82,46.0,45,4857,PC,48.26
Pokemon Sword,80,46.0,87,5218,Switch,48.12
Fortnite,78,37.0,16,1040,PlayStation4,47.82
Call of Duty: Black Ops 4,83,40.0,72,1553,PlayStation4,47.42
Call of Duty: Infinite Warfare,77,40.0,87,1699,PlayStation4,46.96
Call of Duty: Black Ops 4,83,31.0,29,761,PC,46.73
Call of Duty: Modern Warfare 2,86,45.0,40,6957,PC,46.72
Call of Duty: Modern Warfare,80,37.0,22,1259,XboxOne,46.59
Call of Duty: Ghosts,78,39.0,49,1684,PlayStation4,46.29
Total War: Rome II,76,43.0,71,3905,PC,46.16
The Sims 4,70,41.0,75,2396,PC,46.16
Mafia III,62,38.0,31,1522,PC,46.13
FIFA 18,84,34.0,68,1037,PlayStation4,46.01
Battlefield V,78,29.0,38,759,XboxOne,45.69
Aliens: Colonial Marines,45,35.0,40,1211,PC,45.54
Street Fighter V,77,36.0,80,1390,PlayStation4,45.3
Assassin's Creed Unity,70,38.0,10,1920,PC,44.87
Anthem,54,34.0,28,1321,PlayStation4,44.29
Anthem,59,40.0,76,3642,PC,43.82
Star Wars Battlefront,72,35.0,19,1666,PC,43.48
Tom Clancy's Ghost Recon: Breakpoint,58,25.0,30,771,PC,43.39
Mortal Kombat 11,82,36.0,85,2020,PlayStation4,43.11
X Rebirth,33,32.0,24,1307,PC,43.03
World of Tanks,80,35.0,38,1841,PC,42.88
Tom Clancy's Ghost Recon: Breakpoint,56,28.0,56,976,PlayStation4,42.88
Call of Duty: Black Ops III,73,31.0,10,1223,PC,42.87
Diablo III,88,41.0,86,9774,PC,42.51
Command & Conquer 4: Tiberian Twilight,64,21.0,71,693,PC,42.4
Payday 2,79,38.0,51,3757,PC,42.02
Fortnite,81,28.0,11,1099,PC,41.83
Wolfenstein: Youngblood,69,23.0,50,816,PC,41.72
Batman: Arkham Knight,70,35.0,14,2290,PC,41.68
Call of Duty: Ghosts,71,27.0,10,1065,PlayStation3,41.49
Fallout 76,49,32.0,33,1726,XboxOne,41.09
No Man's Sky,61,33.0,17,2356,PC,39.97
World of Warcraft: Battle for Azeroth,79,30.0,39,1663,PC,39.91
NBA 2K18,80,17.0,54,720,PlayStation4,39.9
Death Stranding,86,34.0,54,3031,PC,39.52
Call of Duty: Modern Warfare 3,88,35.0,81,8597,Xbox360,37.13
Call of Duty: Modern Warfare 3,88,33.0,39,5293,PlayStation3,36.53
FIFA 19,83,20.0,67,1163,PlayStation4,36.25
Call of Duty: Ghosts,73,27.0,29,2116,Xbox360,36.0
Battlefield V,81,29.0,52,2814,PC,35.81
Call of Duty: Modern Warfare,80,33.0,78,9134,PlayStation4,35.15
Metal Gear Survive,60,14.0,70,1045,PlayStation4,33.69
FIFA 20: Legacy Edition,43,9.0,9,868,Switch,33.13
Call of Duty: Modern Warfare 3,78,29.0,26,5477,PC,32.86
Fallout 76,53,28.0,43,4711,PlayStation4,32.53
Star Wars Battlefront II,66,15.0,34,1261,XboxOne,32.13
NBA 2K20,78,13.0,42,1142,PlayStation4,32.0
Battlefield V,73,23.0,23,2542,PlayStation4,31.63
Call of Duty: Modern Warfare,81,25.0,27,3562,PC,31.23
Fallout 76,52,27.0,46,6454,PC,30.51
Call of Duty: Ghosts,68,22.0,14,3500,PC,28.8
FIFA 21,72,8.0,57,1153,PlayStation4,28.7
Madden NFL 21,69,4.0,20,994,XboxOne,28.29
SimCity,64,22.0,75,4539,PC,27.44
Company of Heroes 2,80,21.0,82,5795,PC,25.49
Star Wars Battlefront II,65,15.0,24,2988,PC,24.02
Infestation: Survivor Stories (The War Z),20,17.0,13,3970,PC,23.82
Tom Clancy's The Division 2: Warlords of New York,79,5.0,19,1498,PC,23.31
FIFA 20,79,12.0,62,3420,PlayStation4,20.55
Star Wars Battlefront II,68,15.0,62,8525,PlayStation4,18.58
Madden NFL 21,63,2.0,29,5363,PlayStation4,8.89
Warcraft III: Reforged,59,6.0,46,30532,PC,7.25
